Timestamp,Symbol,Direction,Entry Price,SL,TP,Confidence
2025-07-07 08:55:11,XAUUSDm,Sell,3335.449,3336.95,3332.45,0.27
2025-07-07 08:55:45,XAUUSDm,Sell,3335.449,3336.95,3332.45,0.27
2025-07-07 08:56:17,XAUUSDm,Sell,3335.449,3336.95,3332.45,0.27
2025-07-07 08:56:51,XAUUSDm,Sell,3335.449,3336.95,3332.45,0.27
2025-07-07 08:57:24,XAUUSDm,Sell,3335.449,3336.95,3332.45,0.27
2025-07-07 08:57:58,XAUUSDm,Sell,3335.449,3336.95,3332.45,0.27
2025-07-07 08:58:36,XAUUSDm,Sell,3335.449,3336.95,3332.45,0.27
2025-07-07 08:59:11,XAUUSDm,Sell,3335.449,3336.95,3332.45,0.27
2025-07-07 08:59:46,XAUUSDm,Sell,3335.449,3336.95,3332.45,0.27
2025-07-07 09:45:03,XAUUSDm,Sell,3330.824,3332.32,3327.82,0.27
2025-07-07 09:45:36,XAUUSDm,Sell,3330.824,3332.32,3327.82,0.27
2025-07-07 09:46:09,XAUUSDm,Sell,3330.824,3332.32,3327.82,0.27
2025-07-07 09:46:42,XAUUSDm,Sell,3330.824,3332.32,3327.82,0.27
2025-07-07 09:47:19,XAUUSDm,Sell,3330.824,3332.32,3327.82,0.27
2025-07-07 09:47:53,XAUUSDm,Sell,3330.824,3332.32,3327.82,0.27
2025-07-07 09:48:26,XAUUSDm,Sell,3330.824,3332.32,3327.82,0.27
2025-07-07 09:48:59,XAUUSDm,Sell,3330.824,3332.32,3327.82,0.27
2025-07-07 09:49:33,XAUUSDm,Sell,3330.824,3332.32,3327.82,0.27
2025-07-07 10:10:12,XAUUSDm,Sell,3327.588,3329.09,3324.59,0.26
2025-07-07 10:10:47,XAUUSDm,Sell,3327.588,3329.09,3324.59,0.26
2025-07-07 10:11:22,XAUUSDm,Sell,3327.588,3329.09,3324.59,0.26
2025-07-07 10:11:57,XAUUSDm,Sell,3327.588,3329.09,3324.59,0.26
2025-07-07 10:12:30,XAUUSDm,Sell,3327.588,3329.09,3324.59,0.26
2025-07-07 10:13:03,XAUUSDm,Sell,3327.588,3329.09,3324.59,0.26
2025-07-07 10:13:37,XAUUSDm,Sell,3327.588,3329.09,3324.59,0.26
2025-07-07 10:14:10,XAUUSDm,Sell,3327.588,3329.09,3324.59,0.26
2025-07-07 10:14:43,XAUUSDm,Sell,3327.588,3329.09,3324.59,0.26
2025-07-07 17:35:16,XAUUSDm,Sell,3311.406,3312.91,3308.41,0.26
2025-07-07 17:35:50,XAUUSDm,Sell,3311.406,3312.91,3308.41,0.26
2025-07-07 17:36:23,XAUUSDm,Sell,3311.406,3312.91,3308.41,0.26
2025-07-07 17:36:58,XAUUSDm,Sell,3311.406,3312.91,3308.41,0.26
2025-07-07 17:37:31,XAUUSDm,Sell,3311.406,3312.91,3308.41,0.26
2025-07-07 17:38:06,XAUUSDm,Sell,3311.406,3312.91,3308.41,0.26
2025-07-07 17:38:39,XAUUSDm,Sell,3311.406,3312.91,3308.41,0.26
2025-07-07 17:39:13,XAUUSDm,Sell,3311.406,3312.91,3308.41,0.26
2025-07-07 17:39:51,XAUUSDm,Sell,3311.406,3312.91,3308.41,0.26
2025-07-07 18:25:15,GBPJPYm,Buy,197.542,197.39,197.84,0.52
2025-07-07 18:25:53,GBPJPYm,Buy,197.542,197.39,197.84,0.52
2025-07-07 18:26:28,GBPJPYm,Buy,197.542,197.39,197.84,0.52
2025-07-07 18:27:02,GBPJPYm,Buy,197.542,197.39,197.84,0.52
2025-07-07 18:27:37,GBPJPYm,Buy,197.542,197.39,197.84,0.52
2025-07-07 18:28:12,GBPJPYm,Buy,197.542,197.39,197.84,0.52
2025-07-07 18:28:50,GBPJPYm,Buy,197.542,197.39,197.84,0.52
2025-07-07 18:29:26,GBPJPYm,Buy,197.542,197.39,197.84,0.52
2025-07-07 18:29:59,GBPJPYm,Buy,197.542,197.39,197.84,0.52
2025-07-07 19:05:37,GBPJPYm,Buy,197.283,197.13,197.58,0.51
2025-07-07 19:06:14,GBPJPYm,Buy,197.283,197.13,197.58,0.51
2025-07-07 19:06:49,GBPJPYm,Buy,197.283,197.13,197.58,0.51
2025-07-07 19:07:23,GBPJPYm,Buy,197.283,197.13,197.58,0.51
2025-07-07 19:08:00,GBPJPYm,Buy,197.283,197.13,197.58,0.51
2025-07-07 19:08:45,GBPJPYm,Buy,197.283,197.13,197.58,0.51
2025-07-07 19:09:20,GBPJPYm,Buy,197.283,197.13,197.58,0.51
2025-07-07 19:09:54,GBPJPYm,Buy,197.283,197.13,197.58,0.51
2025-07-07 20:30:22,GBPJPYm,Buy,197.856,197.71,198.16,0.52
2025-07-07 20:31:14,GBPJPYm,Buy,197.856,197.71,198.16,0.52
2025-07-07 20:31:54,GBPJPYm,Buy,197.856,197.71,198.16,0.52
2025-07-07 20:32:31,GBPJPYm,Buy,197.856,197.71,198.16,0.52
2025-07-07 20:33:10,GBPJPYm,Buy,197.856,197.71,198.16,0.52
2025-07-07 20:33:51,GBPJPYm,Buy,197.856,197.71,198.16,0.52
2025-07-07 20:34:28,GBPJPYm,Buy,197.856,197.71,198.16,0.52
2025-07-07 21:05:13,XAUUSDm,Sell,3302.947,3304.45,3299.95,0.24
2025-07-07 21:05:47,XAUUSDm,Sell,3302.947,3304.45,3299.95,0.24
2025-07-07 21:06:25,XAUUSDm,Sell,3302.947,3304.45,3299.95,0.24
2025-07-07 21:06:58,XAUUSDm,Sell,3302.947,3304.45,3299.95,0.24
2025-07-07 21:07:33,XAUUSDm,Sell,3302.947,3304.45,3299.95,0.24
2025-07-07 21:08:11,XAUUSDm,Sell,3302.947,3304.45,3299.95,0.24
2025-07-07 21:08:48,XAUUSDm,Sell,3302.947,3304.45,3299.95,0.24
2025-07-07 21:09:24,XAUUSDm,Sell,3302.947,3304.45,3299.95,0.24
2025-07-07 22:15:13,GBPJPYm,Buy,198.082,197.93,198.38,0.52
2025-07-07 22:16:01,GBPJPYm,Buy,198.082,197.93,198.38,0.52
2025-07-07 22:16:38,GBPJPYm,Buy,198.082,197.93,198.38,0.52
2025-07-07 22:17:17,GBPJPYm,Buy,198.082,197.93,198.38,0.52
2025-07-07 22:17:55,GBPJPYm,Buy,198.082,197.93,198.38,0.52
2025-07-07 22:18:30,GBPJPYm,Buy,198.082,197.93,198.38,0.52
2025-07-07 22:19:07,GBPJPYm,Buy,198.082,197.93,198.38,0.52
2025-07-07 22:19:46,GBPJPYm,Buy,198.082,197.93,198.38,0.52
2025-07-07 23:00:19,XAUUSDm,Sell,3308.036,3309.54,3305.04,0.24
2025-07-07 23:00:53,XAUUSDm,Sell,3308.036,3309.54,3305.04,0.24
2025-07-07 23:01:36,XAUUSDm,Sell,3308.036,3309.54,3305.04,0.24
2025-07-07 23:02:10,XAUUSDm,Sell,3308.036,3309.54,3305.04,0.24
2025-07-07 23:02:44,XAUUSDm,Sell,3308.036,3309.54,3305.04,0.24
2025-07-07 23:03:18,XAUUSDm,Sell,3308.036,3309.54,3305.04,0.24
2025-07-07 23:03:52,XAUUSDm,Sell,3308.036,3309.54,3305.04,0.24
2025-07-07 23:04:25,XAUUSDm,Sell,3308.036,3309.54,3305.04,0.24
2025-07-07 23:05:00,XAUUSDm,Sell,3308.036,3309.54,3305.04,0.24
2025-07-07 23:10:35,GBPJPYm,Buy,198.215,198.06,198.52,0.52
2025-07-07 23:10:45,XAUUSDm,Sell,3310.5,3312.0,3307.5,0.25
2025-07-07 23:11:17,GBPJPYm,Buy,198.215,198.06,198.52,0.52
2025-07-07 23:11:22,XAUUSDm,Sell,3310.5,3312.0,3307.5,0.25
2025-07-07 23:11:55,GBPJPYm,Buy,198.215,198.06,198.52,0.52
2025-07-07 23:12:02,XAUUSDm,Sell,3310.5,3312.0,3307.5,0.25
2025-07-07 23:12:34,GBPJPYm,Buy,198.215,198.06,198.52,0.52
2025-07-07 23:12:40,XAUUSDm,Sell,3310.5,3312.0,3307.5,0.25
2025-07-07 23:13:13,GBPJPYm,Buy,198.215,198.06,198.52,0.52
2025-07-07 23:13:19,XAUUSDm,Sell,3310.5,3312.0,3307.5,0.25
2025-07-07 23:13:52,GBPJPYm,Buy,198.215,198.06,198.52,0.52
2025-07-07 23:13:56,XAUUSDm,Sell,3310.5,3312.0,3307.5,0.25
2025-07-07 23:14:28,GBPJPYm,Buy,198.215,198.06,198.52,0.52
2025-07-07 23:14:33,XAUUSDm,Sell,3310.5,3312.0,3307.5,0.25
2025-07-07 23:20:08,GBPJPYm,Buy,198.244,198.09,198.54,0.52
2025-07-07 23:20:53,GBPJPYm,Buy,198.244,198.09,198.54,0.52
2025-07-07 23:21:29,GBPJPYm,Buy,198.244,198.09,198.54,0.52
2025-07-07 23:22:06,GBPJPYm,Buy,198.244,198.09,198.54,0.52
2025-07-07 23:22:46,GBPJPYm,Buy,198.244,198.09,198.54,0.52
2025-07-07 23:23:21,GBPJPYm,Buy,198.244,198.09,198.54,0.52
2025-07-07 23:24:02,GBPJPYm,Buy,198.244,198.09,198.54,0.52
2025-07-07 23:24:39,GBPJPYm,Buy,198.244,198.09,198.54,0.52
2025-07-07 23:45:16,GBPJPYm,Buy,198.464,198.31,198.76,0.52
2025-07-07 23:46:04,GBPJPYm,Buy,198.464,198.31,198.76,0.52
2025-07-07 23:46:41,GBPJPYm,Buy,198.464,198.31,198.76,0.52
2025-07-07 23:47:21,GBPJPYm,Buy,198.464,198.31,198.76,0.52
2025-07-07 23:47:58,GBPJPYm,Buy,198.464,198.31,198.76,0.52
2025-07-07 23:48:35,GBPJPYm,Buy,198.464,198.31,198.76,0.52
2025-07-07 23:49:11,GBPJPYm,Buy,198.464,198.31,198.76,0.52
2025-07-07 23:49:53,GBPJPYm,Buy,198.464,198.31,198.76,0.52
2025-07-07 23:55:21,GBPJPYm,Buy,198.492,198.34,198.79,0.52
2025-07-07 23:56:02,GBPJPYm,Buy,198.492,198.34,198.79,0.52
2025-07-07 23:56:41,GBPJPYm,Buy,198.492,198.34,198.79,0.52
2025-07-07 23:57:22,GBPJPYm,Buy,198.492,198.34,198.79,0.52
2025-07-07 23:57:58,GBPJPYm,Buy,198.492,198.34,198.79,0.52
2025-07-07 23:58:37,GBPJPYm,Buy,198.492,198.34,198.79,0.52
2025-07-07 23:59:13,GBPJPYm,Buy,198.492,198.34,198.79,0.52
2025-07-07 23:59:49,GBPJPYm,Buy,198.492,198.34,198.79,0.52
2025-07-08 00:40:09,GBPJPYm,Buy,198.712,198.56,199.01,0.52
2025-07-08 00:40:51,GBPJPYm,Buy,198.712,198.56,199.01,0.52
2025-07-08 00:41:27,GBPJPYm,Buy,198.712,198.56,199.01,0.52
2025-07-08 00:42:09,GBPJPYm,Buy,198.712,198.56,199.01,0.52
2025-07-08 00:42:45,GBPJPYm,Buy,198.712,198.56,199.01,0.52
2025-07-08 00:43:20,GBPJPYm,Buy,198.712,198.56,199.01,0.52
2025-07-08 00:43:57,GBPJPYm,Buy,198.712,198.56,199.01,0.52
2025-07-08 00:44:33,GBPJPYm,Buy,198.712,198.56,199.01,0.52
2025-07-08 01:15:24,GBPJPYm,Buy,198.799,198.65,199.1,0.52
2025-07-08 01:16:06,GBPJPYm,Buy,198.799,198.65,199.1,0.52
2025-07-08 01:16:43,GBPJPYm,Buy,198.799,198.65,199.1,0.52
2025-07-08 01:17:26,GBPJPYm,Buy,198.799,198.65,199.1,0.52
2025-07-08 01:18:06,GBPJPYm,Buy,198.799,198.65,199.1,0.52
2025-07-08 01:18:42,GBPJPYm,Buy,198.799,198.65,199.1,0.52
2025-07-08 01:19:22,GBPJPYm,Buy,198.799,198.65,199.1,0.52
2025-07-08 01:19:57,GBPJPYm,Buy,198.799,198.65,199.1,0.52
2025-07-08 01:35:07,XAUUSDm,Sell,3318.605,3320.1,3315.6,0.26
2025-07-08 01:35:41,XAUUSDm,Sell,3318.605,3320.1,3315.6,0.26
2025-07-08 01:36:16,XAUUSDm,Sell,3318.605,3320.1,3315.6,0.26
2025-07-08 01:36:50,XAUUSDm,Sell,3318.605,3320.1,3315.6,0.26
2025-07-08 01:37:23,XAUUSDm,Sell,3318.605,3320.1,3315.6,0.26
2025-07-08 01:37:57,XAUUSDm,Sell,3318.605,3320.1,3315.6,0.26
2025-07-08 01:38:32,XAUUSDm,Sell,3318.605,3320.1,3315.6,0.26
2025-07-08 01:39:06,XAUUSDm,Sell,3318.605,3320.1,3315.6,0.26
2025-07-08 01:39:50,XAUUSDm,Sell,3318.605,3320.1,3315.6,0.26
2025-07-08 02:00:25,XAUUSDm,Sell,3320.968,3322.47,3317.97,0.27
2025-07-08 02:01:00,XAUUSDm,Sell,3320.968,3322.47,3317.97,0.27
2025-07-08 02:01:34,XAUUSDm,Sell,3320.968,3322.47,3317.97,0.27
2025-07-08 02:02:08,XAUUSDm,Sell,3320.968,3322.47,3317.97,0.27
2025-07-08 02:02:43,XAUUSDm,Sell,3320.968,3322.47,3317.97,0.27
2025-07-08 02:03:17,XAUUSDm,Sell,3320.968,3322.47,3317.97,0.27
2025-07-08 02:03:52,XAUUSDm,Sell,3320.968,3322.47,3317.97,0.27
2025-07-08 02:04:26,XAUUSDm,Sell,3320.968,3322.47,3317.97,0.27
2025-07-08 02:35:09,XAUUSDm,Sell,3322.431,3323.93,3319.43,0.26
2025-07-08 02:35:53,XAUUSDm,Sell,3322.431,3323.93,3319.43,0.26
2025-07-08 02:36:32,XAUUSDm,Sell,3322.431,3323.93,3319.43,0.26
2025-07-08 02:37:06,XAUUSDm,Sell,3322.431,3323.93,3319.43,0.26
2025-07-08 02:37:42,XAUUSDm,Sell,3322.431,3323.93,3319.43,0.26
2025-07-08 02:38:16,XAUUSDm,Sell,3322.431,3323.93,3319.43,0.26
2025-07-08 02:38:50,XAUUSDm,Sell,3322.431,3323.93,3319.43,0.26
2025-07-08 02:39:24,XAUUSDm,Sell,3322.431,3323.93,3319.43,0.26
2025-07-08 02:39:58,XAUUSDm,Sell,3322.431,3323.93,3319.43,0.26
2025-07-08 02:45:06,XAUUSDm,Sell,3324.859,3326.36,3321.86,0.25
2025-07-08 02:45:41,XAUUSDm,Sell,3324.859,3326.36,3321.86,0.25
2025-07-08 02:46:14,XAUUSDm,Sell,3324.859,3326.36,3321.86,0.25
2025-07-08 02:46:48,XAUUSDm,Sell,3324.859,3326.36,3321.86,0.25
2025-07-08 02:47:22,XAUUSDm,Sell,3324.859,3326.36,3321.86,0.25
2025-07-08 02:47:55,XAUUSDm,Sell,3324.859,3326.36,3321.86,0.25
2025-07-08 02:48:29,XAUUSDm,Sell,3324.859,3326.36,3321.86,0.25
2025-07-08 02:49:04,XAUUSDm,Sell,3324.859,3326.36,3321.86,0.25
2025-07-08 02:49:37,XAUUSDm,Sell,3324.859,3326.36,3321.86,0.25
2025-07-08 03:00:22,XAUUSDm,Sell,3326.29,3327.79,3323.29,0.26
2025-07-08 03:00:57,XAUUSDm,Sell,3326.29,3327.79,3323.29,0.26
2025-07-08 03:01:31,XAUUSDm,Sell,3326.29,3327.79,3323.29,0.26
2025-07-08 03:02:05,XAUUSDm,Sell,3326.29,3327.79,3323.29,0.26
2025-07-08 03:02:40,XAUUSDm,Sell,3326.29,3327.79,3323.29,0.26
2025-07-08 03:03:16,XAUUSDm,Sell,3326.29,3327.79,3323.29,0.26
2025-07-08 03:03:50,XAUUSDm,Sell,3326.29,3327.79,3323.29,0.26
2025-07-08 03:04:25,XAUUSDm,Sell,3326.29,3327.79,3323.29,0.26
2025-07-08 03:04:59,XAUUSDm,Sell,3326.29,3327.79,3323.29,0.26
2025-07-08 03:40:16,XAUUSDm,Sell,3332.775,3334.28,3329.78,0.26
2025-07-08 03:40:50,XAUUSDm,Sell,3332.775,3334.28,3329.78,0.26
2025-07-08 03:41:24,XAUUSDm,Sell,3332.775,3334.28,3329.78,0.26
2025-07-08 03:41:59,XAUUSDm,Sell,3332.775,3334.28,3329.78,0.26
2025-07-08 03:42:34,XAUUSDm,Sell,3332.775,3334.28,3329.78,0.26
2025-07-08 03:43:09,XAUUSDm,Sell,3332.775,3334.28,3329.78,0.26
2025-07-08 03:43:43,XAUUSDm,Sell,3332.775,3334.28,3329.78,0.26
2025-07-08 03:44:18,XAUUSDm,Sell,3332.775,3334.28,3329.78,0.26
2025-07-08 03:44:51,XAUUSDm,Sell,3332.775,3334.28,3329.78,0.26
2025-07-08 04:30:35,GBPJPYm,Buy,198.807,198.66,199.11,0.52
2025-07-08 04:31:19,GBPJPYm,Buy,198.807,198.66,199.11,0.52
2025-07-08 04:31:53,GBPJPYm,Buy,198.807,198.66,199.11,0.52
2025-07-08 04:32:34,GBPJPYm,Buy,198.807,198.66,199.11,0.52
2025-07-08 04:33:13,GBPJPYm,Buy,198.807,198.66,199.11,0.52
2025-07-08 04:33:49,GBPJPYm,Buy,198.807,198.66,199.11,0.52
2025-07-08 04:34:34,GBPJPYm,Buy,198.807,198.66,199.11,0.52
2025-07-08 05:10:30,XAUUSDm,Sell,3334.364,3335.86,3331.36,0.27
2025-07-08 05:11:03,XAUUSDm,Sell,3334.364,3335.86,3331.36,0.27
2025-07-08 05:11:37,XAUUSDm,Sell,3334.364,3335.86,3331.36,0.27
2025-07-08 05:12:11,XAUUSDm,Sell,3334.364,3335.86,3331.36,0.27
2025-07-08 05:12:45,XAUUSDm,Sell,3334.364,3335.86,3331.36,0.27
2025-07-08 05:13:24,XAUUSDm,Sell,3334.364,3335.86,3331.36,0.27
2025-07-08 05:13:58,XAUUSDm,Sell,3334.364,3335.86,3331.36,0.27
2025-07-08 05:14:33,XAUUSDm,Sell,3334.364,3335.86,3331.36,0.27
2025-07-08 05:40:33,XAUUSDm,Sell,3337.67,3339.17,3334.67,0.27
2025-07-08 05:41:08,XAUUSDm,Sell,3337.67,3339.17,3334.67,0.27
2025-07-08 05:41:43,XAUUSDm,Sell,3337.67,3339.17,3334.67,0.27
2025-07-08 05:42:18,XAUUSDm,Sell,3337.67,3339.17,3334.67,0.27
2025-07-08 05:42:54,XAUUSDm,Sell,3337.67,3339.17,3334.67,0.27
2025-07-08 05:43:28,XAUUSDm,Sell,3337.67,3339.17,3334.67,0.27
2025-07-08 05:44:03,XAUUSDm,Sell,3337.67,3339.17,3334.67,0.27
2025-07-08 05:44:38,XAUUSDm,Sell,3337.67,3339.17,3334.67,0.27
2025-07-08 05:45:10,GBPJPYm,Buy,198.85,198.7,199.15,0.51
2025-07-08 05:45:57,GBPJPYm,Buy,198.85,198.7,199.15,0.51
2025-07-08 05:46:37,GBPJPYm,Buy,198.85,198.7,199.15,0.51
2025-07-08 05:47:17,GBPJPYm,Buy,198.85,198.7,199.15,0.51
2025-07-08 05:47:56,GBPJPYm,Buy,198.85,198.7,199.15,0.51
2025-07-08 05:48:36,GBPJPYm,Buy,198.85,198.7,199.15,0.51
2025-07-08 05:49:11,GBPJPYm,Buy,198.85,198.7,199.15,0.51
2025-07-08 05:49:49,GBPJPYm,Buy,198.85,198.7,199.15,0.51
2025-07-08 06:55:29,XAUUSDm,Sell,3336.472,3337.97,3333.47,0.28
2025-07-08 06:56:03,XAUUSDm,Sell,3336.472,3337.97,3333.47,0.28
2025-07-08 06:56:38,XAUUSDm,Sell,3336.472,3337.97,3333.47,0.28
2025-07-08 06:57:13,XAUUSDm,Sell,3336.472,3337.97,3333.47,0.28
2025-07-08 06:58:04,XAUUSDm,Sell,3336.472,3337.97,3333.47,0.28
2025-07-08 06:58:42,XAUUSDm,Sell,3336.472,3337.97,3333.47,0.28
2025-07-08 06:59:30,XAUUSDm,Sell,3336.472,3337.97,3333.47,0.28
2025-07-08 07:40:32,GBPJPYm,Buy,198.648,198.5,198.95,0.5
2025-07-08 07:41:15,GBPJPYm,Buy,198.648,198.5,198.95,0.5
2025-07-08 07:41:54,GBPJPYm,Buy,198.648,198.5,198.95,0.5
2025-07-08 07:42:31,GBPJPYm,Buy,198.648,198.5,198.95,0.5
2025-07-08 07:43:07,GBPJPYm,Buy,198.648,198.5,198.95,0.5
2025-07-08 07:43:44,GBPJPYm,Buy,198.648,198.5,198.95,0.5
2025-07-08 07:44:20,GBPJPYm,Buy,198.648,198.5,198.95,0.5
2025-07-08 07:44:57,GBPJPYm,Buy,198.648,198.5,198.95,0.5
2025-07-08 07:50:11,GBPJPYm,Buy,198.649,198.5,198.95,0.5
2025-07-08 07:50:52,GBPJPYm,Buy,198.649,198.5,198.95,0.5
2025-07-08 07:51:28,GBPJPYm,Buy,198.649,198.5,198.95,0.5
2025-07-08 07:52:06,GBPJPYm,Buy,198.649,198.5,198.95,0.5
2025-07-08 07:52:43,GBPJPYm,Buy,198.649,198.5,198.95,0.5
2025-07-08 07:53:22,GBPJPYm,Buy,198.649,198.5,198.95,0.5
2025-07-08 07:54:03,GBPJPYm,Buy,198.649,198.5,198.95,0.5
2025-07-08 07:54:42,GBPJPYm,Buy,198.649,198.5,198.95,0.5
2025-07-08 09:10:32,XAUUSDm,Sell,3339.788,3341.29,3336.79,0.27
2025-07-08 09:11:06,XAUUSDm,Sell,3339.788,3341.29,3336.79,0.27
2025-07-08 09:11:40,XAUUSDm,Sell,3339.788,3341.29,3336.79,0.27
2025-07-08 09:12:14,XAUUSDm,Sell,3339.788,3341.29,3336.79,0.27
2025-07-08 09:12:51,XAUUSDm,Sell,3339.788,3341.29,3336.79,0.27
2025-07-08 09:13:25,XAUUSDm,Sell,3339.788,3341.29,3336.79,0.27
2025-07-08 09:14:00,XAUUSDm,Sell,3339.788,3341.29,3336.79,0.27
2025-07-08 09:14:34,XAUUSDm,Sell,3339.788,3341.29,3336.79,0.27
2025-07-08 09:46:14,XAUUSDm,Sell,3336.277,3337.78,3333.28,0.27
2025-07-08 09:46:59,XAUUSDm,Sell,3336.277,3337.78,3333.28,0.27
2025-07-08 09:47:38,XAUUSDm,Sell,3336.277,3337.78,3333.28,0.27
2025-07-08 09:48:16,XAUUSDm,Sell,3336.277,3337.78,3333.28,0.27
2025-07-08 09:48:51,XAUUSDm,Sell,3336.277,3337.78,3333.28,0.27
2025-07-08 09:49:28,XAUUSDm,Sell,3336.277,3337.78,3333.28,0.27
2025-07-08 09:55:16,XAUUSDm,Sell,3336.814,3338.31,3333.81,0.27
2025-07-08 09:55:52,XAUUSDm,Sell,3336.814,3338.31,3333.81,0.27
2025-07-08 09:56:34,XAUUSDm,Sell,3336.814,3338.31,3333.81,0.27
2025-07-08 09:57:08,XAUUSDm,Sell,3336.814,3338.31,3333.81,0.27
2025-07-08 09:57:46,XAUUSDm,Sell,3336.814,3338.31,3333.81,0.27
2025-07-08 09:58:24,XAUUSDm,Sell,3336.814,3338.31,3333.81,0.27
2025-07-08 09:59:00,XAUUSDm,Sell,3336.814,3338.31,3333.81,0.27
2025-07-08 09:59:37,XAUUSDm,Sell,3336.814,3338.31,3333.81,0.27
2025-07-08 10:05:21,GBPJPYm,Buy,198.843,198.69,199.14,0.52
2025-07-08 10:06:04,GBPJPYm,Buy,198.843,198.69,199.14,0.52
2025-07-08 10:06:44,GBPJPYm,Buy,198.843,198.69,199.14,0.52
2025-07-08 10:07:25,GBPJPYm,Buy,198.843,198.69,199.14,0.52
2025-07-08 10:08:02,GBPJPYm,Buy,198.843,198.69,199.14,0.52
2025-07-08 10:08:41,GBPJPYm,Buy,198.843,198.69,199.14,0.52
2025-07-08 10:09:23,GBPJPYm,Buy,198.843,198.69,199.14,0.52
2025-07-08 10:10:03,GBPJPYm,Buy,198.843,198.69,199.14,0.52
2025-07-08 12:30:10,GBPJPYm,Buy,199.259,199.11,199.56,0.52
2025-07-08 12:30:51,GBPJPYm,Buy,199.259,199.11,199.56,0.52
2025-07-08 12:31:30,GBPJPYm,Buy,199.259,199.11,199.56,0.52
2025-07-08 12:32:10,GBPJPYm,Buy,199.259,199.11,199.56,0.52
2025-07-08 12:32:50,GBPJPYm,Buy,199.259,199.11,199.56,0.52
2025-07-08 12:33:25,GBPJPYm,Buy,199.259,199.11,199.56,0.52
2025-07-08 12:34:03,GBPJPYm,Buy,199.259,199.11,199.56,0.52
2025-07-08 12:34:37,GBPJPYm,Buy,199.259,199.11,199.56,0.52
2025-07-08 12:35:15,XAUUSDm,Sell,3333.949,3335.45,3330.95,0.26
2025-07-08 12:35:50,XAUUSDm,Sell,3333.949,3335.45,3330.95,0.26
2025-07-08 12:36:24,XAUUSDm,Sell,3333.949,3335.45,3330.95,0.26
2025-07-08 12:37:02,XAUUSDm,Sell,3333.949,3335.45,3330.95,0.26
2025-07-08 17:50:16,GBPJPYm,Buy,199.302,199.15,199.6,0.52
2025-07-08 17:50:50,GBPJPYm,Buy,199.302,199.15,199.6,0.52
2025-07-08 17:51:25,GBPJPYm,Buy,199.302,199.15,199.6,0.52
2025-07-08 17:51:59,GBPJPYm,Buy,199.302,199.15,199.6,0.52
2025-07-08 17:52:35,GBPJPYm,Buy,199.302,199.15,199.6,0.52
2025-07-08 17:53:10,GBPJPYm,Buy,199.302,199.15,199.6,0.52
2025-07-08 17:53:45,GBPJPYm,Buy,199.302,199.15,199.6,0.52
2025-07-08 17:54:19,GBPJPYm,Buy,199.302,199.15,199.6,0.52
2025-07-08 17:54:52,GBPJPYm,Buy,199.302,199.15,199.6,0.52
2025-07-08 18:00:32,GBPJPYm,Buy,199.295,199.14,199.6,0.52
2025-07-08 18:01:08,GBPJPYm,Buy,199.295,199.14,199.6,0.52
2025-07-08 18:01:42,GBPJPYm,Buy,199.295,199.14,199.6,0.52
2025-07-08 18:02:18,GBPJPYm,Buy,199.295,199.14,199.6,0.52
2025-07-08 18:02:56,GBPJPYm,Buy,199.295,199.14,199.6,0.52
2025-07-08 18:03:29,GBPJPYm,Buy,199.295,199.14,199.6,0.52
2025-07-08 18:04:03,GBPJPYm,Buy,199.295,199.14,199.6,0.52
2025-07-08 18:04:38,GBPJPYm,Buy,199.295,199.14,199.6,0.52
2025-07-08 19:05:09,GBPJPYm,Buy,199.093,198.94,199.39,0.52
2025-07-08 19:05:46,GBPJPYm,Buy,199.093,198.94,199.39,0.52
2025-07-08 19:06:21,GBPJPYm,Buy,199.093,198.94,199.39,0.52
2025-07-08 19:06:54,GBPJPYm,Buy,199.093,198.94,199.39,0.52
2025-07-08 19:07:29,GBPJPYm,Buy,199.093,198.94,199.39,0.52
2025-07-08 19:08:03,GBPJPYm,Buy,199.093,198.94,199.39,0.52
2025-07-08 19:08:37,GBPJPYm,Buy,199.093,198.94,199.39,0.52
2025-07-08 19:09:12,GBPJPYm,Buy,199.093,198.94,199.39,0.52
2025-07-08 19:09:46,GBPJPYm,Buy,199.093,198.94,199.39,0.52
2025-07-08 19:20:11,XAUUSDm,Sell,3324.601,3326.1,3321.6,0.26
2025-07-08 19:20:45,XAUUSDm,Sell,3324.601,3326.1,3321.6,0.26
2025-07-08 19:21:20,XAUUSDm,Sell,3324.601,3326.1,3321.6,0.26
2025-07-08 19:21:53,XAUUSDm,Sell,3324.601,3326.1,3321.6,0.26
2025-07-08 19:22:28,XAUUSDm,Sell,3324.601,3326.1,3321.6,0.26
2025-07-08 19:23:01,XAUUSDm,Sell,3324.601,3326.1,3321.6,0.26
2025-07-08 19:23:35,XAUUSDm,Sell,3324.601,3326.1,3321.6,0.26
2025-07-08 19:24:10,XAUUSDm,Sell,3324.601,3326.1,3321.6,0.26
2025-07-08 19:24:44,XAUUSDm,Sell,3324.601,3326.1,3321.6,0.26
2025-07-08 19:25:18,XAUUSDm,Sell,3324.533,3326.03,3321.53,0.26
2025-07-08 19:25:52,XAUUSDm,Sell,3324.533,3326.03,3321.53,0.26
2025-07-08 19:26:26,XAUUSDm,Sell,3324.533,3326.03,3321.53,0.26
2025-07-08 19:27:00,XAUUSDm,Sell,3324.533,3326.03,3321.53,0.26
2025-07-08 19:27:33,XAUUSDm,Sell,3324.533,3326.03,3321.53,0.26
2025-07-08 19:28:07,XAUUSDm,Sell,3324.533,3326.03,3321.53,0.26
2025-07-08 19:28:41,XAUUSDm,Sell,3324.533,3326.03,3321.53,0.26
2025-07-08 19:29:16,XAUUSDm,Sell,3324.533,3326.03,3321.53,0.26
2025-07-08 19:29:49,XAUUSDm,Sell,3324.533,3326.03,3321.53,0.26
2025-07-08 19:50:35,XAUUSDm,Sell,3325.574,3327.07,3322.57,0.25
2025-07-08 19:51:08,XAUUSDm,Sell,3325.574,3327.07,3322.57,0.25
2025-07-08 19:51:41,XAUUSDm,Sell,3325.574,3327.07,3322.57,0.25
2025-07-08 19:52:15,XAUUSDm,Sell,3325.574,3327.07,3322.57,0.25
2025-07-08 19:52:50,XAUUSDm,Sell,3325.574,3327.07,3322.57,0.25
2025-07-08 19:53:24,XAUUSDm,Sell,3325.574,3327.07,3322.57,0.25
2025-07-08 19:53:57,XAUUSDm,Sell,3325.574,3327.07,3322.57,0.25
2025-07-08 19:54:31,XAUUSDm,Sell,3325.574,3327.07,3322.57,0.25
2025-07-08 19:55:03,GBPJPYm,Buy,198.853,198.7,199.15,0.52
2025-07-08 19:55:37,GBPJPYm,Buy,198.853,198.7,199.15,0.52
2025-07-08 19:56:12,GBPJPYm,Buy,198.853,198.7,199.15,0.52
2025-07-08 19:56:48,GBPJPYm,Buy,198.853,198.7,199.15,0.52
2025-07-08 19:57:23,GBPJPYm,Buy,198.853,198.7,199.15,0.52
2025-07-08 19:57:58,GBPJPYm,Buy,198.853,198.7,199.15,0.52
2025-07-08 19:58:34,GBPJPYm,Buy,198.853,198.7,199.15,0.52
2025-07-08 19:59:08,GBPJPYm,Buy,198.853,198.7,199.15,0.52
2025-07-08 19:59:42,GBPJPYm,Buy,198.853,198.7,199.15,0.52
2025-07-08 20:05:10,GBPJPYm,Buy,198.859,198.71,199.16,0.52
2025-07-08 20:05:44,GBPJPYm,Buy,198.859,198.71,199.16,0.52
2025-07-08 20:06:19,GBPJPYm,Buy,198.859,198.71,199.16,0.52
2025-07-08 20:06:54,GBPJPYm,Buy,198.859,198.71,199.16,0.52
2025-07-08 20:07:29,GBPJPYm,Buy,198.859,198.71,199.16,0.52
2025-07-08 20:08:03,GBPJPYm,Buy,198.859,198.71,199.16,0.52
2025-07-08 20:08:37,GBPJPYm,Buy,198.859,198.71,199.16,0.52
2025-07-08 20:09:11,GBPJPYm,Buy,198.859,198.71,199.16,0.52
2025-07-08 20:09:45,GBPJPYm,Buy,198.859,198.71,199.16,0.52
2025-07-08 20:30:05,XAUUSDm,Sell,3323.885,3325.38,3320.88,0.27
2025-07-08 20:30:38,XAUUSDm,Sell,3323.885,3325.38,3320.88,0.27
2025-07-08 20:31:13,XAUUSDm,Sell,3323.885,3325.38,3320.88,0.27
2025-07-08 20:31:47,XAUUSDm,Sell,3323.885,3325.38,3320.88,0.27
2025-07-08 20:32:21,XAUUSDm,Sell,3323.885,3325.38,3320.88,0.27
2025-07-08 20:32:55,XAUUSDm,Sell,3323.885,3325.38,3320.88,0.27
2025-07-08 20:33:30,XAUUSDm,Sell,3323.885,3325.38,3320.88,0.27
2025-07-08 20:34:03,XAUUSDm,Sell,3323.885,3325.38,3320.88,0.27
2025-07-08 20:34:37,XAUUSDm,Sell,3323.885,3325.38,3320.88,0.27
2025-07-08 21:00:13,XAUUSDm,Sell,3325.646,3327.15,3322.65,0.27
2025-07-08 21:00:48,XAUUSDm,Sell,3325.646,3327.15,3322.65,0.27
2025-07-08 21:01:21,XAUUSDm,Sell,3325.646,3327.15,3322.65,0.27
2025-07-08 21:01:55,XAUUSDm,Sell,3325.646,3327.15,3322.65,0.27
2025-07-08 21:02:30,XAUUSDm,Sell,3325.646,3327.15,3322.65,0.27
2025-07-08 21:03:04,XAUUSDm,Sell,3325.646,3327.15,3322.65,0.27
2025-07-08 21:03:37,XAUUSDm,Sell,3325.646,3327.15,3322.65,0.27
2025-07-08 21:04:11,XAUUSDm,Sell,3325.646,3327.15,3322.65,0.27
2025-07-08 21:04:45,XAUUSDm,Sell,3325.646,3327.15,3322.65,0.27
2025-07-08 21:05:18,GBPJPYm,Buy,198.767,198.62,199.07,0.52
2025-07-08 21:05:54,GBPJPYm,Buy,198.767,198.62,199.07,0.52
2025-07-08 21:06:28,GBPJPYm,Buy,198.767,198.62,199.07,0.52
2025-07-08 21:07:02,GBPJPYm,Buy,198.767,198.62,199.07,0.52
2025-07-08 21:07:36,GBPJPYm,Buy,198.767,198.62,199.07,0.52
2025-07-08 21:08:10,GBPJPYm,Buy,198.767,198.62,199.07,0.52
2025-07-08 21:08:45,GBPJPYm,Buy,198.767,198.62,199.07,0.52
2025-07-08 21:09:18,GBPJPYm,Buy,198.767,198.62,199.07,0.52
2025-07-08 21:09:53,GBPJPYm,Buy,198.767,198.62,199.07,0.52
2025-07-08 21:15:21,GBPJPYm,Buy,198.767,198.62,199.07,0.52
2025-07-08 21:15:56,GBPJPYm,Buy,198.767,198.62,199.07,0.52
2025-07-08 21:16:30,GBPJPYm,Buy,198.767,198.62,199.07,0.52
2025-07-08 21:17:04,GBPJPYm,Buy,198.767,198.62,199.07,0.52
2025-07-08 21:17:38,GBPJPYm,Buy,198.767,198.62,199.07,0.52
2025-07-08 21:18:12,GBPJPYm,Buy,198.767,198.62,199.07,0.52
2025-07-08 21:18:46,GBPJPYm,Buy,198.767,198.62,199.07,0.52
2025-07-08 21:19:19,GBPJPYm,Buy,198.767,198.62,199.07,0.52
2025-07-08 21:19:54,GBPJPYm,Buy,198.767,198.62,199.07,0.52
2025-07-08 21:30:18,GBPJPYm,Buy,198.781,198.63,199.08,0.52
2025-07-08 21:30:53,GBPJPYm,Buy,198.781,198.63,199.08,0.52
2025-07-08 21:31:28,GBPJPYm,Buy,198.781,198.63,199.08,0.52
2025-07-08 21:32:02,GBPJPYm,Buy,198.781,198.63,199.08,0.52
2025-07-08 21:32:36,GBPJPYm,Buy,198.781,198.63,199.08,0.52
2025-07-08 21:33:13,GBPJPYm,Buy,198.781,198.63,199.08,0.52
2025-07-08 21:33:47,GBPJPYm,Buy,198.781,198.63,199.08,0.52
2025-07-08 21:34:21,GBPJPYm,Buy,198.781,198.63,199.08,0.52
2025-07-08 21:34:56,GBPJPYm,Buy,198.781,198.63,199.08,0.52
2025-07-08 22:10:20,GBPJPYm,Buy,199.055,198.9,199.36,0.52
2025-07-08 22:10:57,GBPJPYm,Buy,199.055,198.9,199.36,0.52
2025-07-08 22:11:32,GBPJPYm,Buy,199.055,198.9,199.36,0.52
2025-07-08 22:12:06,GBPJPYm,Buy,199.055,198.9,199.36,0.52
2025-07-08 22:12:40,GBPJPYm,Buy,199.055,198.9,199.36,0.52
2025-07-08 22:13:14,GBPJPYm,Buy,199.055,198.9,199.36,0.52
2025-07-08 22:13:49,GBPJPYm,Buy,199.055,198.9,199.36,0.52
2025-07-08 22:14:23,GBPJPYm,Buy,199.055,198.9,199.36,0.52
2025-07-08 22:14:57,GBPJPYm,Buy,199.055,198.9,199.36,0.52
2025-07-08 22:45:30,XAUUSDm,Sell,3327.29,3328.79,3324.29,0.26
2025-07-08 22:46:03,XAUUSDm,Sell,3327.29,3328.79,3324.29,0.26
2025-07-08 22:46:36,XAUUSDm,Sell,3327.29,3328.79,3324.29,0.26
2025-07-08 22:47:10,XAUUSDm,Sell,3327.29,3328.79,3324.29,0.26
2025-07-08 22:47:44,XAUUSDm,Sell,3327.29,3328.79,3324.29,0.26
2025-07-08 22:48:18,XAUUSDm,Sell,3327.29,3328.79,3324.29,0.26
2025-07-08 22:48:52,XAUUSDm,Sell,3327.29,3328.79,3324.29,0.26
2025-07-08 22:49:26,XAUUSDm,Sell,3327.29,3328.79,3324.29,0.26
2025-07-08 22:50:00,XAUUSDm,Sell,3327.29,3328.79,3324.29,0.26
2025-07-08 22:55:26,XAUUSDm,Sell,3328.66,3330.16,3325.66,0.27
2025-07-08 22:56:01,XAUUSDm,Sell,3328.66,3330.16,3325.66,0.27
2025-07-08 22:56:35,XAUUSDm,Sell,3328.66,3330.16,3325.66,0.27
2025-07-08 22:57:09,XAUUSDm,Sell,3328.66,3330.16,3325.66,0.27
2025-07-08 22:57:42,XAUUSDm,Sell,3328.66,3330.16,3325.66,0.27
2025-07-08 22:58:16,XAUUSDm,Sell,3328.66,3330.16,3325.66,0.27
2025-07-08 22:58:51,XAUUSDm,Sell,3328.66,3330.16,3325.66,0.27
2025-07-08 22:59:25,XAUUSDm,Sell,3328.66,3330.16,3325.66,0.27
2025-07-08 22:59:59,XAUUSDm,Sell,3328.66,3330.16,3325.66,0.27
2025-07-08 23:00:31,GBPJPYm,Buy,199.071,198.92,199.37,0.52
2025-07-08 23:01:06,GBPJPYm,Buy,199.071,198.92,199.37,0.52
2025-07-08 23:01:41,GBPJPYm,Buy,199.071,198.92,199.37,0.52
2025-07-08 23:02:15,GBPJPYm,Buy,199.071,198.92,199.37,0.52
2025-07-08 23:02:50,GBPJPYm,Buy,199.071,198.92,199.37,0.52
2025-07-08 23:03:24,GBPJPYm,Buy,199.071,198.92,199.37,0.52
2025-07-08 23:03:59,GBPJPYm,Buy,199.071,198.92,199.37,0.52
2025-07-08 23:04:33,GBPJPYm,Buy,199.071,198.92,199.37,0.52
2025-07-09 10:40:34,GBPJPYm,Buy,199.424,199.27,199.72,0.52
2025-07-09 10:41:08,GBPJPYm,Buy,199.424,199.27,199.72,0.52
2025-07-09 10:41:56,GBPJPYm,Buy,199.424,199.27,199.72,0.52
2025-07-09 10:42:34,GBPJPYm,Buy,199.424,199.27,199.72,0.52
2025-07-09 10:43:09,GBPJPYm,Buy,199.424,199.27,199.72,0.52
2025-07-09 10:43:49,GBPJPYm,Buy,199.424,199.27,199.72,0.52
2025-07-09 10:44:26,GBPJPYm,Buy,199.424,199.27,199.72,0.52
2025-07-09 11:10:43,XAUUSDm,Sell,3305.886,3307.39,3302.89,0.27
2025-07-09 11:11:24,XAUUSDm,Sell,3305.886,3307.39,3302.89,0.27
2025-07-09 11:12:08,XAUUSDm,Sell,3305.886,3307.39,3302.89,0.27
2025-07-09 11:12:48,XAUUSDm,Sell,3305.886,3307.39,3302.89,0.27
2025-07-09 11:14:05,XAUUSDm,Sell,3305.886,3307.39,3302.89,0.27
2025-07-09 11:14:46,XAUUSDm,Sell,3305.886,3307.39,3302.89,0.27
2025-07-09 11:15:23,GBPJPYm,Buy,199.428,199.28,199.73,0.52
2025-07-09 11:16:06,GBPJPYm,Buy,199.428,199.28,199.73,0.52
2025-07-09 11:16:49,GBPJPYm,Buy,199.428,199.28,199.73,0.52
2025-07-09 11:17:35,GBPJPYm,Buy,199.428,199.28,199.73,0.52
2025-07-09 11:18:25,GBPJPYm,Buy,199.428,199.28,199.73,0.52
2025-07-09 11:19:48,GBPJPYm,Buy,199.428,199.28,199.73,0.52
